{
    "list": [{
             "nick_name": "紫枫",
             "head": "https://avatars1.githubusercontent.com/u/10377362?s=460&v=4",
             "thread_id": "5570103915",
             "first_post_id": "118396707371",
             "create_time": "1519795433",
             "play_count": "440212",
             "post_num": "198",
             "agree_num": "1184",
             "share_num": "10",
             "has_agree": "0",
             "freq_num": "44197",
             "forum_id": "0",
             "title": "\u5927\u7237\u53d1\u73b0\u77f3\u5934\u4e0a\u6709\u5947\u602a\u51f8\u8d77\uff0c\u6572\u5f00\u540e\u5927\u7237\u7b80\u76f4\u4e50\u75af\u4e86\uff01\u6211\u90fd\u60ca\u4e86\uff01",
             "source": "131027",
             "weight": "0.3393184175833",
             "extra": "{\"simi_score\":\"0.000000\",\"source_tid\":\"5554857668\"}\n",
             "abtest_tag": "tag_15",
             "thumbnail_width": "640",
             "thumbnail_height": "360",
             "video_md5": "f9f87b84aaf4ff1fee62742f2d39687f",
             "video_url": "http:\/\/tb-video.bdstatic.com\/tieba-smallvideo-transcode\/20985849_722f981a5ce0fc6d2a5a4f40cb0327a5_3.mp4",
             "video_duration": "222",
             "video_width": "640",
             "video_height": "360",
             "video_type": "110",
             "thumbnail_url": "http:\/\/imgsrc.baidu.com\/forum\/eWH%3D640%2C360\/sign=265d1891f11f4134f25d7873132ba5e6\/4e4a20a4462309f7101128607e0e0cf3d7cad642.jpg",
             "video_format": "mp4",
             "thumbnail_picid": "51950759653",
             "video_from": "",
             "video_log_id": "519999320180226",
             "auditing": "1",
             "origin_video_url": "http:\/\/tb-video.bdstatic.com\/videocp\/12045395_f9f87b84aaf4ff1fee62742f2d39687f.mp4",
             "video_length": "20985849",
             "video_size": "20985849"
             }, {
             "nick_name": "紫枫",
             "head": "https://avatars1.githubusercontent.com/u/10377362?s=460&v=4",
             "thread_id": "5566570402",
             "first_post_id": "118335614951",
             "create_time": "1519609889",
             "play_count": "672027",
             "post_num": "82",
             "agree_num": "732",
             "share_num": "40",
             "has_agree": "0",
             "freq_num": "42772",
             "forum_id": "0",
             "title": "\u201c\u6d41\u6d6a\u6c49\u201d\u5728\u5546\u573a\u4e5e\u8ba8\uff0c\u6380\u5f00\u4ed6\u7684\u5e3d\u5b50\uff0c\u9732\u51fa\u771f\u5bb9\u540e\uff0c\u6240\u6709\u4eba\u50bb\u773c\u4e86",
             "source": "131027",
             "weight": "0.33794758432883",
             "extra": "{\"simi_score\":\"0.000000\",\"source_tid\":\"5554857668\"}\n",
             "abtest_tag": "tag_15",
             "thumbnail_width": "640",
             "thumbnail_height": "360",
             "video_md5": "b3883a9f1e041a181bda58804e0a5192",
             "video_url": "http:\/\/tb-video.bdstatic.com\/tieba-smallvideo-transcode\/27089192_abcedcf00b503195b7d09f2c91814ef2_3.mp4",
             "video_duration": "358",
             "video_width": "640",
             "video_height": "360",
             "video_type": "110",
             "thumbnail_url": "http:\/\/imgsrc.baidu.com\/forum\/eWH%3D640%2C360\/sign=5215f006ffdeb48fe903dcd3c62b0a05\/9f2f070828381f3046cbe7cea5014c086f06f083.jpg",
             "video_format": "mp4",
             "thumbnail_picid": "51904864987",
             "video_from": "",
             "video_log_id": "503392220180226",
             "auditing": "1",
             "origin_video_url": "http:\/\/tb-video.bdstatic.com\/videocp\/16514218_b3883a9f1e041a181bda58804e0a5192.mp4",
             "video_length": "27089192",
             "video_size": "27089192"
             }, {
             "thread_id": "5656819972",
             "first_post_id": "119261165490",
             "create_time": "1524140532",
             "play_count": "392082",
             "post_num": "312",
             "agree_num": "1054",
             "share_num": "67",
             "has_agree": "0",
             "freq_num": "60944",
             "forum_id": "0",
             "title": "\u8fd9\u5c31\u662f00\u540e\u5e74\u8f7b\u7f8e\u7709\u548c90\u540e\u963f\u59e8\u7684\u533a\u522b\uff01\uff01\uff01\uff01\uff01\uff01",
             "source": "131027",
             "weight": "0.33727565447213",
             "extra": "{\"simi_score\":\"0.000000\",\"source_tid\":\"5554857668\"}\n",
             "abtest_tag": "tag_15",
             "thumbnail_width": "540",
             "thumbnail_height": "960",
             "video_md5": "517c8948b166655ad5cfb563cc7fbd8e",
             "video_url": "http:\/\/tb-video.bdstatic.com\/tieba-smallvideo-transcode\/2767299_3ded146196ab765676dca902202eaee2_0.mp4",
             "video_duration": "7",
             "video_width": "540",
             "video_height": "960",
             "video_type": "207",
             "thumbnail_url": "http:\/\/imgsrc.baidu.com\/forum\/pic\/item\/c9177f3e6709c93d857285a6933df8dcd00054db.jpg",
             "video_format": "mp4",
             "thumbnail_picid": "53179497973",
             "video_from": "",
             "video_log_id": "914478320180416",
             "auditing": "0",
             "music_id": "262452",
             "format_matched": "1",
             "origin_video_url": "http:\/\/tb-video.bdstatic.com\/tieba-video\/7_517c8948b166655ad5cfb563cc7fbd8e.mp4",
             "video_length": "2767299",
             "video_size": "2767299"
             }, {
             "nick_name": "紫枫",
             "head": "https://avatars1.githubusercontent.com/u/10377362?s=460&v=4",
             "thread_id": "5656498085",
             "first_post_id": "119257750758",
             "create_time": "1524127639",
             "play_count": "85003",
             "post_num": "181",
             "agree_num": "224",
             "share_num": "130",
             "has_agree": "0",
             "freq_num": "5908",
             "forum_id": "0",
             "title": "\u8fd9\u4e9b\u4eba\u771f\u53ef\u6015",
             "source": "131027",
             "weight": "0.33422957618109",
             "extra": "{\"simi_score\":\"0.000000\",\"source_tid\":\"5554857668\"}\n",
             "abtest_tag": "tag_15",
             "thumbnail_width": "336",
             "thumbnail_height": "596",
             "video_md5": "570ed13707b2ccee1057099185b115bf",
             "video_url": "http:\/\/tb-video.bdstatic.com\/tieba-smallvideo-transcode\/7818026_41e4d2ad0aa5ec000cf2996c226615fd_3.mp4",
             "video_duration": "118",
             "video_width": "336",
             "video_height": "596",
             "video_length": "7818026",
             "video_type": "2",
             "thumbnail_url": "http:\/\/imgsrc.baidu.com\/forum\/eWH%3D336%2C596\/sign=59f657e6e550352aa30b58056070cdde\/80cb39dbb6fd5266b3136445a718972bd40736a2.jpg",
             "video_log_id": "913324620180416",
             "auditing": "0",
             "format_matched": "1",
             "origin_video_url": "http:\/\/tb-video.bdstatic.com\/tieba-smallvideo\/118_570ed13707b2ccee1057099185b115bf.mp4",
             "video_size": "7818026"
             }, {
             "nick_name": "紫枫",
             "head": "https://avatars1.githubusercontent.com/u/10377362?s=460&v=4",
             "thread_id": "5655663860",
             "first_post_id": "119248865154",
             "create_time": "1524088241",
             "play_count": "160652",
             "post_num": "121",
             "agree_num": "296",
             "share_num": "31",
             "has_agree": "0",
             "freq_num": "7720",
             "forum_id": "0",
             "title": "\u4e3a\u4ec0\u4e48\u7537\u751f\u90fd\u8fd9\u4e48\u559c\u6b22\u4e70\u8fd9\u90e8\u8f66\uff01\u5feb\u53bb\u770b\u770b\uff01\uff01",
             "source": "131027",
             "weight": "0.33422067545074",
             "extra": "{\"simi_score\":\"0.000000\",\"source_tid\":\"5554857668\"}\n",
             "abtest_tag": "tag_15",
             "thumbnail_width": "540",
             "thumbnail_height": "960",
             "video_md5": "cc75b3fb04b8a23546d62e3f56619e85",
             "video_url": "http:\/\/tb-video.bdstatic.com\/tieba-smallvideo-transcode\/3244078_e1aedc1ba2e1d1228e6b0bcb72cbdffc_0.mp4",
             "video_duration": "12",
             "video_width": "540",
             "video_height": "960",
             "video_length": "3244078",
             "video_type": "13",
             "cover_text": "",
             "thumbnail_url": "http:\/\/imgsrc.baidu.com\/forum\/eWH%3D540%2C960\/sign=0cdb7fe8d83f8794c1953523e72f3ed8\/6159252dd42a2834aa05aa5b57b5c9ea15cebf3b.jpg",
             "music_id": "259091",
             "video_log_id": "910212320180416",
             "auditing": "0",
             "format_matched": "1",
             "origin_video_url": "http:\/\/tb-video.bdstatic.com\/tieba-smallvideo\/12_cc75b3fb04b8a23546d62e3f56619e85.mp4",
             "video_size": "3244078"
             },{
             "nick_name": "紫枫",
             "head": "https://avatars1.githubusercontent.com/u/10377362?s=460&v=4",
             "thread_id": "5662231005",
             "first_post_id": "119320116839",
             "create_time": "1524416341",
             "play_count": "36351",
             "post_num": "24",
             "agree_num": "70",
             "share_num": "7",
             "has_agree": "0",
             "freq_num": "765",
             "forum_id": "0",
             "title": "#\u4e0d\u4ec5\u4ec5\u662f\u559c\u6b22#\u5154\u5154\u8fa3\u4e48\u53ef\u8010 \u4f60\u80bf\u4e48\u53e3\u4ee5\u6b21\u5154\u5154",
             "source": "0",
             "weight": "0",
             "extra": "0",
             "abtest_tag": "0",
             "thumbnail_width": "540.000000",
             "thumbnail_height": "960.000000",
             "video_md5": "f7c0c978a45c5078537c317be5154c6a",
             "video_url": "http:\/\/tb-video.bdstatic.com\/tieba-smallvideo-transcode\/4056041_f9f739b334a49e460d89f646075c13cd_0.mp4",
             "video_duration": "15",
             "video_width": "540",
             "video_height": "960",
             "video_length": "4056041",
             "video_type": "13",
             "cover_text": "",
             "thumbnail_url": "http:\/\/imgsrc.baidu.com\/forum\/pic\/item\/3a87e950352ac65cd593c325f7f2b21192138ad6.jpg",
             "first_frame_cover": "http:\/\/imgsrc.baidu.com\/forum\/pic\/item\/3a87e950352ac65cd593c325f7f2b21192138ad6.jpg",
             "music_id": "280649",
             "video_log_id": "935837820180423",
             "auditing": "0",
             "format_matched": "1",
             "origin_video_url": "http:\/\/tb-video.bdstatic.com\/tieba-smallvideo\/14_f7c0c978a45c5078537c317be5154c6a.mp4",
             "video_size": "4056041"
             }, {
             "nick_name": "紫枫",
             "head": "https://avatars1.githubusercontent.com/u/10377362?s=460&v=4",
             "thread_id": "5593140841",
             "first_post_id": "118633558262",
             "create_time": "1520919658",
             "play_count": "1889",
             "post_num": "3",
             "agree_num": "66",
             "share_num": "0",
             "has_agree": "0",
             "freq_num": "272",
             "forum_id": "0",
             "title": "#\u8bf7\u91ca\u653e\u4f60\u7684\u5c11\u5973\u529b#\u624b\u6307\u821e\u8d77\u6765\uff5e",
             "source": "131110",
             "weight": "0.34279942512162",
             "extra": "{\"simi_score\":\"0.992108\",\"source_tid\":\"5662231005\"}\n",
             "abtest_tag": "tag_15",
             "thumbnail_width": "368.000000",
             "thumbnail_height": "640.000000",
             "video_md5": "4919b0fc00a457f30eb88580d1da7f1c",
             "video_url": "http:\/\/tb-video.bdstatic.com\/tieba-smallvideo-transcode\/3923964_3101b9d41f9bffeaacc0cc870e28dfd4_0.mp4",
             "video_duration": "15",
             "video_width": "368",
             "video_height": "640",
             "video_length": "3923964",
             "video_type": "13",
             "cover_text": "",
             "thumbnail_url": "http:\/\/imgsrc.baidu.com\/forum\/pic\/item\/20a4462309f790522406042400f3d7ca7bcbd58b.jpg",
             "first_frame_cover": "http:\/\/imgsrc.baidu.com\/forum\/pic\/item\/20a4462309f790522406042400f3d7ca7bcbd58b.jpg",
             "music_id": "143122",
             "video_log_id": "632046720180312",
             "auditing": "0",
             "format_matched": "1",
             "origin_video_url": "http:\/\/tb-video.bdstatic.com\/tieba-smallvideo\/14_4919b0fc00a457f30eb88580d1da7f1c.mp4",
             "video_size": "3923964"
             }, {
             "nick_name": "紫枫",
             "head": "https://avatars1.githubusercontent.com/u/10377362?s=460&v=4",
             "thread_id": "5577761537",
             "first_post_id": "118502725751",
             "create_time": "1520189466",
             "play_count": "192",
             "post_num": "2",
             "agree_num": "0",
             "share_num": "0",
             "has_agree": "0",
             "freq_num": "261",
             "forum_id": "0",
             "title": "\u81f4\u6211\u4eec\u66fe\u7ecf\u5355\u7eaf\u7684\u5c0f\u7f8e\u597d",
             "source": "131110",
             "weight": "0.33728046830232",
             "extra": "{\"simi_score\":\"0.989663\",\"source_tid\":\"5662231005\"}\n",
             "abtest_tag": "tag_15",
             "thumbnail_width": "540",
             "thumbnail_height": "304",
             "video_md5": "f15dcc6730a9842b263aa619923cffab",
             "video_url": "http:\/\/tb-video.bdstatic.com\/videocp\/818498_f15dcc6730a9842b263aa619923cffab.mp4",
             "video_duration": "15",
             "video_width": "204",
             "video_height": "360",
             "video_size": "818498",
             "video_type": "110",
             "thumbnail_url": "http:\/\/imgsrc.baidu.com\/forum\/pic\/item\/b13533fa828ba61e516b50014d34970a304e5913.jpg",
             "video_format": "mp4",
             "thumbnail_picid": "52054309113",
             "video_from": "",
             "video_log_id": "559107220180305",
             "auditing": "0",
             "cp_id": "7017334"
             }, {
             "nick_name": "紫枫",
             "head": "https://avatars1.githubusercontent.com/u/10377362?s=460&v=4",
             "thread_id": "5572945451",
             "first_post_id": "118440499142",
             "create_time": "1519937439",
             "play_count": "55",
             "post_num": "2",
             "agree_num": "0",
             "share_num": "0",
             "has_agree": "0",
             "freq_num": "192",
             "forum_id": "0",
             "title": "\u5e08\u7236 \u6211\u575a\u6301\u4e0d\u4f4f\u4e86\uff01",
             "source": "131110",
             "weight": "0.33728046830232",
             "extra": "{\"simi_score\":\"0.989734\",\"source_tid\":\"5662231005\"}\n",
             "abtest_tag": "tag_15",
             "thumbnail_width": "202",
             "thumbnail_height": "360",
             "video_md5": "60d0698586b289b507d9cce07f1feaf9",
             "video_url": "http:\/\/tb-video.bdstatic.com\/tieba-smallvideo-transcode\/480447_5f2658dff8c0892e41df29bf2944c5ec_3.mp4",
             "video_duration": "9",
             "video_width": "202",
             "video_height": "360",
             "video_type": "110",
             "thumbnail_url": "http:\/\/imgsrc.baidu.com\/forum\/eWH%3D202%2C360\/sign=d5b8a0134736acaf4b8aebf14ee9bf3c\/b64543a98226cffc00405c98b5014a90f603eab6.jpg",
             "video_format": "mp4",
             "thumbnail_picid": "51989504629",
             "video_from": "",
             "video_log_id": "535127020180226",
             "auditing": "0",
             "origin_video_url": "http:\/\/tb-video.bdstatic.com\/videocp\/414715_60d0698586b289b507d9cce07f1feaf9.mp4",
             "video_length": "480447",
             "video_size": "480447"
             }, {
             "nick_name": "紫枫",
             "head": "https://avatars1.githubusercontent.com/u/10377362?s=460&v=4",
             "thread_id": "5576188776",
             "first_post_id": "118483445945",
             "create_time": "1520100705",
             "play_count": "157",
             "post_num": "1",
             "agree_num": "0",
             "share_num": "0",
             "has_agree": "0",
             "freq_num": "160",
             "forum_id": "0",
             "title": "\u82b1\u5f0f\u6bd4\u5fc3\u9ad8\u840c\u6765\u88ad\uff0c\u4f60\u6562\u770b\u4e48",
             "source": "131110",
             "weight": "0.33728046830232",
             "extra": "{\"simi_score\":\"0.987001\",\"source_tid\":\"5662231005\"}\n",
             "abtest_tag": "tag_15",
             "thumbnail_width": "540",
             "thumbnail_height": "304",
             "video_md5": "091d3d8433a802fa74eaad26fc4fe909",
             "video_url": "http:\/\/tb-video.bdstatic.com\/videocp\/823173_091d3d8433a802fa74eaad26fc4fe909.mp4",
             "video_duration": "15",
             "video_width": "166",
             "video_height": "360",
             "video_size": "823173",
             "video_type": "110",
             "thumbnail_url": "http:\/\/imgsrc.baidu.com\/forum\/pic\/item\/9245d688d43f8794c9182503de1b0ef41bd53a33.jpg",
             "video_format": "mp4",
             "thumbnail_picid": "52031969901",
             "video_from": "",
             "video_log_id": "550218420180226",
             "auditing": "0",
             "cp_id": "6944308"
             }, {
             "nick_name": "紫枫",
             "head": "https://avatars1.githubusercontent.com/u/10377362?s=460&v=4",
             "thread_id": "5653425767",
             "first_post_id": "119224440618",
             "create_time": "1523964428",
             "play_count": "3629",
             "post_num": "1",
             "agree_num": "36",
             "share_num": "7",
             "has_agree": "0",
             "freq_num": "236",
             "forum_id": "0",
             "title": "\u6211\u53d1\u8868\u4e86\u4e00\u7bc7\u89c6\u9891\u8d34\uff0c\u5927\u4f19\u6765\u770b\u770b\u5427~",
             "source": "131110",
             "weight": "0.33727565447213",
             "extra": "{\"simi_score\":\"0.994259\",\"source_tid\":\"5662231005\"}\n",
             "abtest_tag": "tag_15",
             "thumbnail_width": "540",
             "thumbnail_height": "960",
             "video_md5": "4f104948e182a557c4eb651d9720a5ae",
             "video_url": "http:\/\/tb-video.bdstatic.com\/tieba-smallvideo-transcode\/2404662_d8f9bc04d43a1760a893174cc1896b08_0.mp4",
             "video_duration": "15",
             "video_width": "540",
             "video_height": "960",
             "video_type": "207",
             "thumbnail_url": "http:\/\/imgsrc.baidu.com\/forum\/pic\/item\/baa1cd11728b4710427709a2cfcec3fdfc032300.jpg",
             "video_format": "mp4",
             "thumbnail_picid": "53129340411",
             "video_from": "",
             "video_log_id": "900817020180416",
             "auditing": "0",
             "music_id": "237252",
             "format_matched": "1",
             "origin_video_url": "http:\/\/tb-video.bdstatic.com\/tieba-video\/15_4f104948e182a557c4eb651d9720a5ae.mp4",
             "video_length": "2404662",
             "video_size": "2404662"
             }, {
             "nick_name": "紫枫",
             "head": "https://avatars1.githubusercontent.com/u/10377362?s=460&v=4",
             "thread_id": "5652891020",
             "first_post_id": "119218984969",
             "create_time": "1523942883",
             "play_count": "9465",
             "post_num": "4",
             "agree_num": "37",
             "share_num": "7",
             "has_agree": "0",
             "freq_num": "204",
             "forum_id": "0",
             "title": "\u522b\u4eba\u753b\u7684\u5986\u8ddf\u6211\u81ea\u5df1\u5316\u5986\u600e\u4e48\u611f\u89c9\u4e0d\u662f\u4e00\u4e2a\u4eba\u5462",
             "source": "131110",
             "weight": "0.33727565447213",
             "extra": "{\"simi_score\":\"0.991257\",\"source_tid\":\"5662231005\"}\n",
             "abtest_tag": "tag_15",
             "thumbnail_width": "540",
             "thumbnail_height": "960",
             "video_md5": "b78f89f570c744cb961eb1236631688d",
             "video_url": "http:\/\/tb-video.bdstatic.com\/tieba-smallvideo-transcode\/2729238_d5132825516cd4603e0d32286474d958_0.mp4",
             "video_duration": "15",
             "video_width": "540",
             "video_height": "960",
             "video_type": "207",
             "thumbnail_url": "http:\/\/imgsrc.baidu.com\/forum\/pic\/item\/90ef76c6a7efce1bb01ea8a4a351f3deb48f65a2.jpg",
             "video_format": "mp4",
             "thumbnail_picid": "53122238509",
             "video_from": "",
             "video_log_id": "897730720180416",
             "auditing": "0",
             "music_id": "238015",
             "format_matched": "1",
             "origin_video_url": "http:\/\/tb-video.bdstatic.com\/tieba-video\/15_b78f89f570c744cb961eb1236631688d.mp4",
             "video_length": "2729238",
             "video_size": "2729238"
             }, {
             "nick_name": "紫枫",
             "head": "https://avatars1.githubusercontent.com/u/10377362?s=460&v=4",
             "thread_id": "5656656701",
             "first_post_id": "119259386168",
             "create_time": "1524133751",
             "play_count": "1957",
             "post_num": "6",
             "agree_num": "39",
             "share_num": "7",
             "has_agree": "0",
             "freq_num": "181",
             "forum_id": "0",
             "title": "\u5230\u7761\u5348\u89c9\u7684\u65f6\u95f4\u4e86",
             "source": "131110",
             "weight": "0.33617198685827",
             "extra": "{\"simi_score\":\"0.988762\",\"source_tid\":\"5662231005\"}\n",
             "abtest_tag": "tag_15",
             "thumbnail_width": "540",
             "thumbnail_height": "960",
             "video_md5": "fd0a446e0186e5219bcc8a0f01a48e17",
             "video_url": "http:\/\/tb-video.bdstatic.com\/tieba-smallvideo-transcode\/2254819_a91cbcd3e0b2d3f7e91f841af7521533_0.mp4",
             "video_duration": "15",
             "video_width": "540",
             "video_height": "960",
             "video_type": "207",
             "thumbnail_url": "http:\/\/imgsrc.baidu.com\/forum\/pic\/item\/d42a2834349b033b9d474d8b19ce36d3d439bd90.jpg",
             "video_format": "mp4",
             "thumbnail_picid": "53175710406",
             "video_from": "",
             "video_log_id": "913893020180416",
             "auditing": "0",
             "music_id": "242199",
             "format_matched": "1",
             "origin_video_url": "http:\/\/tb-video.bdstatic.com\/tieba-video\/15_fd0a446e0186e5219bcc8a0f01a48e17.mp4",
             "video_length": "2254819",
             "video_size": "2254819"
             }, {
             "nick_name": "紫枫",
             "head": "https://avatars1.githubusercontent.com/u/10377362?s=460&v=4",
             "thread_id": "5593391465",
             "first_post_id": "118635254583",
             "create_time": "1520927229",
             "play_count": "6213",
             "post_num": "6",
             "agree_num": "49",
             "share_num": "5",
             "has_agree": "0",
             "freq_num": "519",
             "forum_id": "0",
             "title": "\u6211\u4eca\u5929\u9177\u4e0d\u8d77\u6765\u96be\u8fc7",
             "source": "131110",
             "weight": "0.33617198685827",
             "extra": "{\"simi_score\":\"0.986449\",\"source_tid\":\"5662231005\"}\n",
             "abtest_tag": "tag_15",
             "thumbnail_width": "540",
             "thumbnail_height": "960",
             "video_md5": "887db35dd444b55f3fd1bb7769e74087",
             "video_url": "http:\/\/tb-video.bdstatic.com\/tieba-smallvideo-transcode\/2410119_c0266426979b4ffaaa57f8413b40f905_0.mp4",
             "video_duration": "13",
             "video_width": "540",
             "video_height": "960",
             "video_type": "207",
             "thumbnail_url": "http:\/\/imgsrc.baidu.com\/forum\/pic\/item\/31adcbef76094b366b5d8df7afcc7cd98c109dd9.jpg",
             "video_format": "mp4",
             "thumbnail_picid": "52254995143",
             "video_from": "",
             "video_log_id": "633331220180312",
             "auditing": "0",
             "music_id": "143051",
             "format_matched": "1",
             "origin_video_url": "http:\/\/tb-video.bdstatic.com\/tieba-video\/13_887db35dd444b55f3fd1bb7769e74087.mp4",
             "video_length": "2410119",
             "video_size": "2410119"
             }, {
             "nick_name": "紫枫",
             "head": "https://avatars1.githubusercontent.com/u/10377362?s=460&v=4",
             "thread_id": "5585708183",
             "first_post_id": "118573406794",
             "create_time": "1520579771",
             "play_count": "7012",
             "post_num": "13",
             "agree_num": "92",
             "share_num": "1",
             "has_agree": "0",
             "freq_num": "518",
             "forum_id": "0",
             "title": "\u54ce\u561b\uff0c\u5927\u59d0\u59d0\u548c\u4f60\u4eec\u8fd9\u4e9b95\u540e\u771f\u7684\u6ca1\u6cd5\u6bd4\u963f\u3002\u6709\u591a\u5c1195\u540e\u4e3e\u4e2a\u624b\u6765\uff1f",
             "source": "131110",
             "weight": "0.33558643450501",
             "extra": "{\"simi_score\":\"0.991972\",\"source_tid\":\"5662231005\"}\n",
             "abtest_tag": "tag_15",
             "thumbnail_width": "540",
             "thumbnail_height": "960",
             "video_md5": "e9de3a0ecdd3be50bff1643fa073cc3d",
             "video_url": "http:\/\/tb-video.bdstatic.com\/tieba-smallvideo-transcode\/3830561_5acdf9a52e60062c2ccf1244d302a47f_0.mp4",
             "video_duration": "15",
             "video_width": "540",
             "video_height": "960",
             "video_type": "207",
             "thumbnail_url": "http:\/\/imgsrc.baidu.com\/forum\/pic\/item\/82025aafa40f4bfb0d535a400f4f78f0f7361827.jpg",
             "video_format": "mp4",
             "thumbnail_picid": "52159430390",
             "video_from": "",
             "video_log_id": "597743920180305",
             "auditing": "0",
             "music_id": "133144",
             "format_matched": "1",
             "origin_video_url": "http:\/\/tb-video.bdstatic.com\/tieba-video\/15_e9de3a0ecdd3be50bff1643fa073cc3d.mp4",
             "video_length": "3830561",
             "video_size": "3830561"
             }, {
             "nick_name": "紫枫",
             "head": "https://avatars1.githubusercontent.com/u/10377362?s=460&v=4",
             "thread_id": "5583979447",
             "first_post_id": "118559253149",
             "create_time": "1520496913",
             "play_count": "4809",
             "post_num": "11",
             "agree_num": "69",
             "share_num": "1",
             "has_agree": "0",
             "freq_num": "662",
             "forum_id": "0",
             "title": "\u5c0f\u5973\u5b50\u4e0d\u624d\uff0c\u6ca1\u80fd\u4e0e\u5148\u751f\u8c08\u7b11\u98ce\u751f\uff0c\u6240\u6709\u7231\u6155\u4e4b\u610f\uff0c\u5c3d\u5728\u4e00\u53e5\u518d\u522b\u4e4b\u4e2d",
             "source": "131110",
             "weight": "0.33558643450501",
             "extra": "{\"simi_score\":\"0.988716\",\"source_tid\":\"5662231005\"}\n",
             "abtest_tag": "tag_15",
             "thumbnail_width": "540",
             "thumbnail_height": "960",
             "video_md5": "dc76d5a63817ebc2f08e5f323d67b753",
             "video_url": "http:\/\/tb-video.bdstatic.com\/tieba-video\/15_dc76d5a63817ebc2f08e5f323d67b753.mp4",
             "video_duration": "15",
             "video_width": "540",
             "video_height": "960",
             "video_size": "3371974",
             "video_type": "207",
             "thumbnail_url": "http:\/\/imgsrc.baidu.com\/forum\/pic\/item\/564e9258d109b3de6a1f747bc0bf6c81800a4c05.jpg",
             "video_format": "mp4",
             "thumbnail_picid": "52137663990",
             "video_from": "",
             "video_log_id": "589805220180305",
             "auditing": "0",
             "music_id": "129445"
             }],
    "page": {
        "pn": "1",
        "rn": "21"
    }
}
